Ticket Number,Status,Creator Area,Use Case,Subject,Priority,Description,Start,SLA Ticket,Network Element Identifier,Loc Identifier,Assignee Area,Response Subject,Response Description
Z_INM200000A001,Open,G-RAN-FO-VFRO-ZV,Network-Incident,Transport Congestion,4,RoboNOC ticket for OXV5X0Q; detected event: transport congestion,3/5/2026 0:30,3/5/2026 5:30,OXV5X0Q,0R2CW,G-IP-OPS,Root cause fixed,"Temporary degradation observed, system self-recovered."
Z_INM200001A001,Open,G-RAN-FO-VFRO-ZV,Network-Incident,Störung - RBS - Huawei 4G,5,RoboNOC ticket for OXVLAZK; detected event: störung - rbs - huawei 4g,3/5/2026 0:31,3/6/2026 8:31,OXVLAZK,LW0OP,G-IP-OPS,No impact confirmed,Network element unreachable briefly; connectivity restored.
Z_INM200002A001,Open,G-CORE-OPS,Network-Incident,High CPU Usage,3,RoboNOC ticket for OXVU3RO; detected event: high cpu usage,3/5/2026 0:32,3/7/2026 14:32,OXVU3RO,XWN9N,G-RAN-FO-VFRO-ZV,No impact confirmed,"Temporary degradation observed, system self-recovered. No recurrence observed in the last monitoring window."
Z_INM200003A001,Open,G-IP-OPS,Network-Incident,Link Down,3,RoboNOC ticket for OXV2ZKD; detected event: link down,3/5/2026 0:33,3/5/2026 7:33,OXV2ZKD,XN5ES,G-CORE-OPS,Issue resolved,Capacity threshold updated to prevent future false alerts. Additional validation checks completed successfully.
Z_INM200004A001,In Progress,G-IP-OPS,Network-Incident,Link Down,5,RoboNOC ticket for OXVY2JI; detected event: link down,3/5/2026 0:34,3/7/2026 20:34,OXVY2JI,YOPJ4,G-RAN-BO-VFRO-ZV,Monitoring ongoing,"Intermittent issue mitigated, root cause still under observation."
Z_INM200005A001,Closed,G-CORE-OPS,Network-Incident,Link Down,4,RoboNOC ticket for OXV3MBQ; detected event: link down,3/5/2026 0:35,3/6/2026 21:35,OXV3MBQ,QE1IN,G-RAN-FO-VFRO-ZV,Issue resolved,Signal fluctuation detected; no persistent fault found. No recurrence observed in the last monitoring window.
Z_INM200006A001,In Progress,G-RAN-BO-VFRO-ZV,Network-Incident,Störung - RBS - Huawei 4G,3,RoboNOC ticket for OXVVIFM; detected event: störung - rbs - huawei 4g,3/5/2026 0:36,3/7/2026 3:36,OXVVIFM,PV4IP,G-CORE-OPS,Root cause fixed,Hardware module reset remotely. Traffic restored without errors. Additional validation checks completed successfully.
Z_INM200007A001,In Progress,G-RAN-FO-VFRO-ZV,Network-Incident,Störung - RBS - Huawei 4G,3,RoboNOC ticket for OXVJDIP; detected event: störung - rbs - huawei 4g,3/5/2026 0:37,3/5/2026 14:37,OXVJDIP,8T1JM,G-CORE-OPS,Kein Fehler - Ticket zurückgezogen,Issue correlated with planned maintenance. No action needed. Additional validation checks completed successfully. No recurrence observed in the last monitoring window.
Z_INM200008A001,Open,G-IP-OPS,Network-Incident,Störung - RBS - Huawei 4G,4,RoboNOC ticket for OXVDTLL; detected event: störung - rbs - huawei 4g,3/5/2026 0:38,3/7/2026 20:38,OXVDTLL,MXJW5,G-IP-OPS,Issue resolved,Manual intervention performed: service restarted and stability confirmed.
Z_INM200009A001,Open,G-CORE-OPS,Network-Incident,Packet Loss Detected,5,RoboNOC ticket for OXVQ30I; detected event: packet loss detected,3/5/2026 0:39,3/5/2026 18:39,OXVQ30I,8VM1N,G-RAN-FO-VFRO-ZV,Root cause fixed,Configuration rollback applied to previous stable version.
Z_INM200010A001,Open,G-RAN-FO-VFRO-ZV,Network-Incident,Transport Congestion,2,RoboNOC ticket for OXVLTS5; detected event: transport congestion,3/5/2026 0:40,3/7/2026 8:40,OXVLTS5,PD3QA,G-CORE-OPS,Kein Fehler - Ticket zurückgezogen,High load condition normalized after capacity rebalancing. Additional validation checks completed successfully. No recurrence observed in the last monitoring window.
Z_INM200011A001,Closed,G-IP-OPS,Network-Incident,Transport Congestion,2,RoboNOC ticket for OXV7SF6; detected event: transport congestion,3/5/2026 0:41,3/7/2026 20:41,OXV7SF6,QNYZQ,G-RAN-FO-VFRO-ZV,Kein Fehler - Ticket zurückgezogen,Ticket closed after validation checks passed. Additional validation checks completed successfully.
Z_INM200012A001,Closed,G-RAN-BO-VFRO-ZV,Network-Incident,Link Down,4,RoboNOC ticket for OXVHHBL; detected event: link down,3/5/2026 0:42,3/7/2026 7:42,OXVHHBL,Z5DWU,G-CORE-OPS,Issue resolved,Alarm cleared after software patch deployment.
Z_INM200013A001,In Progress,G-RAN-FO-VFRO-ZV,Network-Incident,High CPU Usage,2,RoboNOC ticket for OXVRIVA; detected event: high cpu usage,3/5/2026 0:43,3/8/2026 0:43,OXVRIVA,SOP06,G-RAN-FO-VFRO-ZV,Kein Fehler - Ticket zurückgezogen,Hardware module reset remotely. Traffic restored without errors. Additional validation checks completed successfully. No recurrence observed in the last monitoring window.
Z_INM200014A001,Closed,G-IP-OPS,Network-Incident,High CPU Usage,1,RoboNOC ticket for OXVCUEP; detected event: high cpu usage,3/5/2026 0:44,3/5/2026 17:44,OXVCUEP,SSUO4,G-RAN-FO-VFRO-ZV,No impact confirmed,Alarm cleared automatically after transient spike. No further action required.
Z_INM200015A001,In Progress,G-RAN-FO-VFRO-ZV,Network-Incident,Link Down,5,RoboNOC ticket for OXVCJ02; detected event: link down,3/5/2026 0:45,3/6/2026 2:45,OXVCJ02,KOWH4,G-CORE-OPS,Root cause fixed,Configuration rollback applied to previous stable version.
Z_INM200016A001,Closed,G-RAN-BO-VFRO-ZV,Network-Incident,Transport Congestion,4,RoboNOC ticket for OXV62WQ; detected event: transport congestion,3/5/2026 0:46,3/7/2026 20:46,OXV62WQ,OM45F,G-RAN-FO-VFRO-ZV,Issue resolved,"Temporary degradation observed, system self-recovered."
Z_INM200017A001,Closed,G-RAN-FO-VFRO-ZV,Network-Incident,Störung - RBS - Huawei 4G,3,RoboNOC ticket for OXV9LJL; detected event: störung - rbs - huawei 4g,3/5/2026 0:47,3/5/2026 13:47,OXV9LJL,2OGBX,G-RAN-FO-VFRO-ZV,Root cause fixed,Capacity threshold updated to prevent future false alerts. Additional validation checks completed successfully.
Z_INM200018A001,Open,G-CORE-OPS,Network-Incident,Link Down,1,RoboNOC ticket for OXVOSYC; detected event: link down,3/5/2026 0:48,3/7/2026 15:48,OXVOSYC,U9A3E,G-CORE-OPS,Monitoring ongoing,Signal fluctuation detected; no persistent fault found.
Z_INM200019A001,In Progress,G-RAN-BO-VFRO-ZV,Network-Incident,Transport Congestion,5,RoboNOC ticket for OXVGYUD; detected event: transport congestion,3/5/2026 0:49,3/6/2026 21:49,OXVGYUD,20C3P,G-RAN-FO-VFRO-ZV,No impact confirmed,CPU spike resolved after process optimization. Additional validation checks completed successfully.
Z_INM200020A001,Open,G-IP-OPS,Network-Incident,Packet Loss Detected,1,RoboNOC ticket for OXV1AZT; detected event: packet loss detected,3/5/2026 0:50,3/6/2026 6:50,OXV1AZT,DDWMD,G-RAN-BO-VFRO-ZV,Root cause fixed,"Escalated to vendor, fix applied and verified. Additional validation checks completed successfully."
Z_INM200021A001,Open,G-IP-OPS,Network-Incident,High CPU Usage,5,RoboNOC ticket for OXV49JD; detected event: high cpu usage,3/5/2026 0:51,3/7/2026 21:51,OXV49JD,K17LO,G-RAN-BO-VFRO-ZV,Kein Fehler - Ticket zurückgezogen,CPU spike resolved after process optimization.
Z_INM200022A001,Closed,G-RAN-FO-VFRO-ZV,Network-Incident,Transport Congestion,3,RoboNOC ticket for OXV4B6Z; detected event: transport congestion,3/5/2026 0:52,3/5/2026 2:52,OXV4B6Z,JP17L,G-RAN-FO-VFRO-ZV,Kein Fehler - Ticket zurückgezogen,Configuration rollback applied to previous stable version.
Z_INM200023A001,In Progress,G-RAN-BO-VFRO-ZV,Network-Incident,Link Down,5,RoboNOC ticket for OXV3B8R; detected event: link down,3/5/2026 0:53,3/7/2026 13:53,OXV3B8R,M86OW,G-CORE-OPS,Issue resolved,Manual intervention performed: service restarted and stability confirmed.
Z_INM200024A001,Closed,G-RAN-FO-VFRO-ZV,Network-Incident,Packet Loss Detected,1,RoboNOC ticket for OXVR0UL; detected event: packet loss detected,3/5/2026 0:54,3/7/2026 9:54,OXVR0UL,PX5DW,G-IP-OPS,Kein Fehler - Ticket zurückgezogen,"Escalated to vendor, fix applied and verified."
Z_INM200025A001,Closed,G-IP-OPS,Network-Incident,Link Down,2,RoboNOC ticket for OXVIS46; detected event: link down,3/5/2026 0:55,3/6/2026 19:55,OXVIS46,CV36R,G-IP-OPS,No impact confirmed,Hardware module reset remotely. Traffic restored without errors.
Z_INM200026A001,In Progress,G-RAN-FO-VFRO-ZV,Network-Incident,Transport Congestion,1,RoboNOC ticket for OXV7ES0; detected event: transport congestion,3/5/2026 0:56,3/5/2026 1:56,OXV7ES0,97CXU,G-RAN-BO-VFRO-ZV,Monitoring ongoing,Capacity threshold updated to prevent future false alerts.
Z_INM200027A001,In Progress,G-RAN-BO-VFRO-ZV,Network-Incident,Packet Loss Detected,4,RoboNOC ticket for OXVHS8B; detected event: packet loss detected,3/5/2026 0:57,3/7/2026 14:57,OXVHS8B,HA1MX,G-IP-OPS,Issue resolved,Hardware module reset remotely. Traffic restored without errors. Additional validation checks completed successfully. No recurrence observed in the last monitoring window.
Z_INM200028A001,In Progress,G-IP-OPS,Network-Incident,High CPU Usage,5,RoboNOC ticket for OXVHFK3; detected event: high cpu usage,3/5/2026 0:58,3/5/2026 23:58,OXVHFK3,41Y0I,G-CORE-OPS,Kein Fehler - Ticket zurückgezogen,"Intermittent issue mitigated, root cause still under observation. No recurrence observed in the last monitoring window."
Z_INM200029A001,Open,G-RAN-FO-VFRO-ZV,Network-Incident,Packet Loss Detected,4,RoboNOC ticket for OXVKAMW; detected event: packet loss detected,3/5/2026 0:59,3/6/2026 8:59,OXVKAMW,XLJHV,G-IP-OPS,No impact confirmed,Alarm cleared automatically after transient spike. No further action required. Additional validation checks completed successfully.
Z_INM200030A001,Open,G-IP-OPS,Network-Incident,Packet Loss Detected,4,RoboNOC ticket for OXV26R9; detected event: packet loss detected,3/5/2026 1:00,3/6/2026 6:00,OXV26R9,1JL4Z,G-RAN-BO-VFRO-ZV,No impact confirmed,Manual intervention performed: service restarted and stability confirmed.
Z_INM200031A001,Open,G-IP-OPS,Network-Incident,Link Down,2,RoboNOC ticket for OXVY50I; detected event: link down,3/5/2026 1:01,3/5/2026 7:01,OXVY50I,J1FAO,G-RAN-FO-VFRO-ZV,No impact confirmed,Alarm cleared after software patch deployment. Additional validation checks completed successfully. No recurrence observed in the last monitoring window.
Z_INM200032A001,Closed,G-RAN-BO-VFRO-ZV,Network-Incident,High CPU Usage,2,RoboNOC ticket for OXVVP75; detected event: high cpu usage,3/5/2026 1:02,3/7/2026 6:02,OXVVP75,WP9EO,G-CORE-OPS,No impact confirmed,Alarm cleared after software patch deployment. No recurrence observed in the last monitoring window.
Z_INM200033A001,Closed,G-RAN-FO-VFRO-ZV,Network-Incident,Transport Congestion,5,RoboNOC ticket for OXVLD60; detected event: transport congestion,3/5/2026 1:03,3/6/2026 15:03,OXVLD60,Q11PT,G-IP-OPS,Kein Fehler - Ticket zurückgezogen,Transport link restored after provider-side fix. Monitoring continued.
Z_INM200034A001,Closed,G-IP-OPS,Network-Incident,High CPU Usage,5,RoboNOC ticket for OXV0ZAM; detected event: high cpu usage,3/5/2026 1:04,3/6/2026 11:04,OXV0ZAM,2W5WX,G-IP-OPS,Issue resolved,"Escalated to vendor, fix applied and verified. Additional validation checks completed successfully."
Z_INM200035A001,Closed,G-IP-OPS,Network-Incident,High CPU Usage,1,RoboNOC ticket for OXV7ZRP; detected event: high cpu usage,3/5/2026 1:05,3/6/2026 18:05,OXV7ZRP,9VX2D,G-RAN-BO-VFRO-ZV,Issue resolved,High load condition normalized after capacity rebalancing. Additional validation checks completed successfully.
Z_INM200036A001,Open,G-RAN-FO-VFRO-ZV,Network-Incident,Störung - RBS - Huawei 4G,2,RoboNOC ticket for OXVSYCM; detected event: störung - rbs - huawei 4g,3/5/2026 1:06,3/7/2026 12:06,OXVSYCM,X34H4,G-RAN-FO-VFRO-ZV,Root cause fixed,Root cause identified as configuration mismatch. Parameters adjusted accordingly.
Z_INM200037A001,Open,G-RAN-FO-VFRO-ZV,Network-Incident,Störung - RBS - Huawei 4G,5,RoboNOC ticket for OXVZ05T; detected event: störung - rbs - huawei 4g,3/5/2026 1:07,3/8/2026 0:07,OXVZ05T,GYKMM,G-IP-OPS,Issue resolved,Service impact minimal; corrective action implemented.
Z_INM200038A001,Closed,G-IP-OPS,Network-Incident,Transport Congestion,2,RoboNOC ticket for OXVDM34; detected event: transport congestion,3/5/2026 1:08,3/6/2026 2:08,OXVDM34,G7143,G-RAN-FO-VFRO-ZV,Root cause fixed,High load condition normalized after capacity rebalancing. Additional validation checks completed successfully.
Z_INM200039A001,Open,G-RAN-BO-VFRO-ZV,Network-Incident,Störung - RBS - Huawei 4G,2,RoboNOC ticket for OXVPAG6; detected event: störung - rbs - huawei 4g,3/5/2026 1:09,3/6/2026 0:09,OXVPAG6,NL6ON,G-IP-OPS,No impact confirmed,"Temporary degradation observed, system self-recovered. Additional validation checks completed successfully."
Z_INM200040A001,Open,G-RAN-FO-VFRO-ZV,Network-Incident,Transport Congestion,5,RoboNOC ticket for OXV4TF3; detected event: transport congestion,3/5/2026 1:10,3/6/2026 12:10,OXV4TF3,PTUHG,G-RAN-FO-VFRO-ZV,No impact confirmed,Ticket closed after validation checks passed.
Z_INM200041A001,In Progress,G-RAN-FO-VFRO-ZV,Network-Incident,Packet Loss Detected,3,RoboNOC ticket for OXVQZ55; detected event: packet loss detected,3/5/2026 1:11,3/8/2026 1:11,OXVQZ55,HYD80,G-RAN-BO-VFRO-ZV,No impact confirmed,"Temporary degradation observed, system self-recovered."
Z_INM200042A001,Open,G-RAN-BO-VFRO-ZV,Network-Incident,Link Down,2,RoboNOC ticket for OXVWGLV; detected event: link down,3/5/2026 1:12,3/6/2026 8:12,OXVWGLV,2TKHM,G-RAN-BO-VFRO-ZV,Kein Fehler - Ticket zurückgezogen,Root cause identified as configuration mismatch. Parameters adjusted accordingly. Additional validation checks completed successfully.
Z_INM200043A001,In Progress,G-CORE-OPS,Network-Incident,Transport Congestion,4,RoboNOC ticket for OXVVCE9; detected event: transport congestion,3/5/2026 1:13,3/5/2026 14:13,OXVVCE9,QP9JI,G-RAN-FO-VFRO-ZV,Kein Fehler - Ticket zurückgezogen,Root cause identified as configuration mismatch. Parameters adjusted accordingly. Additional validation checks completed successfully.
Z_INM200044A001,In Progress,G-RAN-BO-VFRO-ZV,Network-Incident,High CPU Usage,5,RoboNOC ticket for OXVSHI7; detected event: high cpu usage,3/5/2026 1:14,3/7/2026 17:14,OXVSHI7,XB217,G-IP-OPS,Issue resolved,Network element unreachable briefly; connectivity restored.
Z_INM200045A001,Open,G-CORE-OPS,Network-Incident,Packet Loss Detected,1,RoboNOC ticket for OXVQQPR; detected event: packet loss detected,3/5/2026 1:15,3/5/2026 19:15,OXVQQPR,4XT7M,G-RAN-FO-VFRO-ZV,Issue resolved,Manual intervention performed: service restarted and stability confirmed.
Z_INM200046A001,In Progress,G-RAN-BO-VFRO-ZV,Network-Incident,Packet Loss Detected,2,RoboNOC ticket for OXVYN4U; detected event: packet loss detected,3/5/2026 1:16,3/6/2026 2:16,OXVYN4U,BP340,G-RAN-BO-VFRO-ZV,Issue resolved,Issue correlated with planned maintenance. No action needed.
Z_INM200047A001,Closed,G-CORE-OPS,Network-Incident,Packet Loss Detected,4,RoboNOC ticket for OXVFD0Z; detected event: packet loss detected,3/5/2026 1:17,3/6/2026 0:17,OXVFD0Z,QEUO8,G-CORE-OPS,No impact confirmed,Network element unreachable briefly; connectivity restored. Additional validation checks completed successfully.
Z_INM200048A001,Open,G-IP-OPS,Network-Incident,Link Down,4,RoboNOC ticket for OXVHCFZ; detected event: link down,3/5/2026 1:18,3/6/2026 19:18,OXVHCFZ,DVDBY,G-RAN-BO-VFRO-ZV,Root cause fixed,Configuration rollback applied to previous stable version.
Z_INM200049A001,Closed,G-IP-OPS,Network-Incident,Link Down,2,RoboNOC ticket for OXV8TEN; detected event: link down,3/5/2026 1:19,3/5/2026 13:19,OXV8TEN,C4ZK8,G-CORE-OPS,Monitoring ongoing,Configuration rollback applied to previous stable version. Additional validation checks completed successfully.
Z_INM200050A001,Closed,G-IP-OPS,Network-Incident,Störung - RBS - Huawei 4G,3,RoboNOC ticket for OXV350F; detected event: störung - rbs - huawei 4g,3/5/2026 1:20,3/5/2026 10:20,OXV350F,DONIG,G-RAN-FO-VFRO-ZV,Kein Fehler - Ticket zurückgezogen,Root cause identified as configuration mismatch. Parameters adjusted accordingly.
Z_INM200051A001,Closed,G-CORE-OPS,Network-Incident,High CPU Usage,1,RoboNOC ticket for OXVXN9P; detected event: high cpu usage,3/5/2026 1:21,3/6/2026 11:21,OXVXN9P,MGVMF,G-IP-OPS,Kein Fehler - Ticket zurückgezogen,Network element unreachable briefly; connectivity restored. Additional validation checks completed successfully.
Z_INM200052A001,Closed,G-IP-OPS,Network-Incident,Link Down,5,RoboNOC ticket for OXVRSTX; detected event: link down,3/5/2026 1:22,3/6/2026 21:22,OXVRSTX,WMDJ3,G-IP-OPS,Root cause fixed,Problem resolved during investigation; no reproducible issue.
Z_INM200053A001,Open,G-RAN-BO-VFRO-ZV,Network-Incident,Transport Congestion,3,RoboNOC ticket for OXVUHMU; detected event: transport congestion,3/5/2026 1:23,3/6/2026 14:23,OXVUHMU,XI2KP,G-RAN-FO-VFRO-ZV,Issue resolved,CPU spike resolved after process optimization. No recurrence observed in the last monitoring window.
Z_INM200054A001,Open,G-CORE-OPS,Network-Incident,Packet Loss Detected,3,RoboNOC ticket for OXVFOD5; detected event: packet loss detected,3/5/2026 1:24,3/6/2026 1:24,OXVFOD5,9TG4F,G-RAN-BO-VFRO-ZV,Monitoring ongoing,Manual intervention performed: service restarted and stability confirmed.
Z_INM200055A001,Open,G-RAN-BO-VFRO-ZV,Network-Incident,Störung - RBS - Huawei 4G,1,RoboNOC ticket for OXVRGQF; detected event: störung - rbs - huawei 4g,3/5/2026 1:25,3/6/2026 19:25,OXVRGQF,SO04G,G-RAN-BO-VFRO-ZV,No impact confirmed,"Temporary degradation observed, system self-recovered."
Z_INM200056A001,Open,G-RAN-FO-VFRO-ZV,Network-Incident,Transport Congestion,3,RoboNOC ticket for OXVMCQH; detected event: transport congestion,3/5/2026 1:26,3/6/2026 8:26,OXVMCQH,UB9B6,G-RAN-FO-VFRO-ZV,Root cause fixed,"Intermittent issue mitigated, root cause still under observation. Additional validation checks completed successfully."
Z_INM200057A001,Closed,G-IP-OPS,Network-Incident,Transport Congestion,1,RoboNOC ticket for OXV0O1A; detected event: transport congestion,3/5/2026 1:27,3/6/2026 22:27,OXV0O1A,R0KT0,G-CORE-OPS,Kein Fehler - Ticket zurückgezogen,Issue correlated with planned maintenance. No action needed.
Z_INM200058A001,Closed,G-CORE-OPS,Network-Incident,Transport Congestion,2,RoboNOC ticket for OXV6N5C; detected event: transport congestion,3/5/2026 1:28,3/7/2026 10:28,OXV6N5C,F4ITJ,G-RAN-FO-VFRO-ZV,Issue resolved,Alarm cleared after software patch deployment. Additional validation checks completed successfully.
Z_INM200059A001,In Progress,G-IP-OPS,Network-Incident,Link Down,2,RoboNOC ticket for OXVXPK7; detected event: link down,3/5/2026 1:29,3/6/2026 17:29,OXVXPK7,5SWIT,G-CORE-OPS,Monitoring ongoing,Alarm cleared after software patch deployment. Additional validation checks completed successfully.
Z_INM200060A001,Open,G-CORE-OPS,Network-Incident,High CPU Usage,5,RoboNOC ticket for OXVV5KC; detected event: high cpu usage,3/5/2026 1:30,3/5/2026 2:30,OXVV5KC,2V6WQ,G-CORE-OPS,Issue resolved,"Escalated to vendor, fix applied and verified."
Z_INM200061A001,Closed,G-CORE-OPS,Network-Incident,Störung - RBS - Huawei 4G,5,RoboNOC ticket for OXVMD3U; detected event: störung - rbs - huawei 4g,3/5/2026 1:31,3/6/2026 15:31,OXVMD3U,GJZU3,G-RAN-FO-VFRO-ZV,Root cause fixed,"Intermittent issue mitigated, root cause still under observation. Additional validation checks completed successfully."
Z_INM200062A001,In Progress,G-RAN-BO-VFRO-ZV,Network-Incident,High CPU Usage,3,RoboNOC ticket for OXVR1EO; detected event: high cpu usage,3/5/2026 1:32,3/7/2026 22:32,OXVR1EO,J62R8,G-CORE-OPS,Kein Fehler - Ticket zurückgezogen,Alarm cleared automatically after transient spike. No further action required. No recurrence observed in the last monitoring window.
Z_INM200063A001,In Progress,G-IP-OPS,Network-Incident,Link Down,5,RoboNOC ticket for OXVNHHW; detected event: link down,3/5/2026 1:33,3/5/2026 15:33,OXVNHHW,0G9HU,G-RAN-FO-VFRO-ZV,Monitoring ongoing,High load condition normalized after capacity rebalancing. Additional validation checks completed successfully.
Z_INM200064A001,Open,G-RAN-BO-VFRO-ZV,Network-Incident,Störung - RBS - Huawei 4G,4,RoboNOC ticket for OXVDI52; detected event: störung - rbs - huawei 4g,3/5/2026 1:34,3/7/2026 18:34,OXVDI52,SDQEV,G-IP-OPS,Kein Fehler - Ticket zurückgezogen,False positive alarm generated by monitoring system. Ticket closed. No recurrence observed in the last monitoring window.
Z_INM200065A001,Closed,G-CORE-OPS,Network-Incident,High CPU Usage,5,RoboNOC ticket for OXVMOD9; detected event: high cpu usage,3/5/2026 1:35,3/5/2026 20:35,OXVMOD9,0YYCO,G-RAN-BO-VFRO-ZV,Root cause fixed,High load condition normalized after capacity rebalancing.
Z_INM200066A001,Open,G-RAN-FO-VFRO-ZV,Network-Incident,Packet Loss Detected,1,RoboNOC ticket for OXVLYY0; detected event: packet loss detected,3/5/2026 1:36,3/7/2026 2:36,OXVLYY0,5B33A,G-RAN-FO-VFRO-ZV,Kein Fehler - Ticket zurückgezogen,"Intermittent issue mitigated, root cause still under observation. No recurrence observed in the last monitoring window."
Z_INM200067A001,Open,G-RAN-FO-VFRO-ZV,Network-Incident,High CPU Usage,2,RoboNOC ticket for OXVW581; detected event: high cpu usage,3/5/2026 1:37,3/7/2026 20:37,OXVW581,9G084,G-RAN-FO-VFRO-ZV,No impact confirmed,"Temporary degradation observed, system self-recovered."
Z_INM200068A001,In Progress,G-RAN-FO-VFRO-ZV,Network-Incident,Störung - RBS - Huawei 4G,5,RoboNOC ticket for OXVQRVR; detected event: störung - rbs - huawei 4g,3/5/2026 1:38,3/5/2026 2:38,OXVQRVR,APNQN,G-RAN-FO-VFRO-ZV,Monitoring ongoing,Alarm cleared automatically after transient spike. No further action required.
Z_INM200069A001,In Progress,G-IP-OPS,Network-Incident,High CPU Usage,3,RoboNOC ticket for OXVS5ML; detected event: high cpu usage,3/5/2026 1:39,3/6/2026 14:39,OXVS5ML,V2RO1,G-IP-OPS,Issue resolved,"Escalated to vendor, fix applied and verified."
Z_INM200070A001,Open,G-RAN-FO-VFRO-ZV,Network-Incident,High CPU Usage,2,RoboNOC ticket for OXVMOCP; detected event: high cpu usage,3/5/2026 1:40,3/7/2026 15:40,OXVMOCP,TJOQ1,G-RAN-BO-VFRO-ZV,Issue resolved,Capacity threshold updated to prevent future false alerts. Additional validation checks completed successfully.
Z_INM200071A001,Open,G-RAN-FO-VFRO-ZV,Network-Incident,Transport Congestion,1,RoboNOC ticket for OXV5PRX; detected event: transport congestion,3/5/2026 1:41,3/7/2026 17:41,OXV5PRX,6JZQG,G-RAN-FO-VFRO-ZV,Issue resolved,Problem resolved during investigation; no reproducible issue.
Z_INM200072A001,In Progress,G-IP-OPS,Network-Incident,Störung - RBS - Huawei 4G,3,RoboNOC ticket for OXVZ0M2; detected event: störung - rbs - huawei 4g,3/5/2026 1:42,3/7/2026 13:42,OXVZ0M2,4O965,G-CORE-OPS,Root cause fixed,Manual intervention performed: service restarted and stability confirmed. Additional validation checks completed successfully.
Z_INM200073A001,Open,G-CORE-OPS,Network-Incident,Packet Loss Detected,3,RoboNOC ticket for OXV3TY1; detected event: packet loss detected,3/5/2026 1:43,3/6/2026 15:43,OXV3TY1,DC5AM,G-CORE-OPS,Monitoring ongoing,Signal fluctuation detected; no persistent fault found. Additional validation checks completed successfully.
Z_INM200074A001,Closed,G-RAN-FO-VFRO-ZV,Network-Incident,Transport Congestion,3,RoboNOC ticket for OXVMDUG; detected event: transport congestion,3/5/2026 1:44,3/6/2026 6:44,OXVMDUG,IXM2C,G-RAN-FO-VFRO-ZV,Root cause fixed,Manual intervention performed: service restarted and stability confirmed. Additional validation checks completed successfully.
Z_INM200075A001,Open,G-RAN-BO-VFRO-ZV,Network-Incident,Transport Congestion,2,RoboNOC ticket for OXV11ZL; detected event: transport congestion,3/5/2026 1:45,3/6/2026 5:45,OXV11ZL,A12WK,G-RAN-FO-VFRO-ZV,Monitoring ongoing,"Temporary degradation observed, system self-recovered."
Z_INM200076A001,In Progress,G-CORE-OPS,Network-Incident,Link Down,5,RoboNOC ticket for OXV0HQ0; detected event: link down,3/5/2026 1:46,3/6/2026 20:46,OXV0HQ0,ZD5LR,G-CORE-OPS,Issue resolved,CPU spike resolved after process optimization.
Z_INM200077A001,Closed,G-RAN-BO-VFRO-ZV,Network-Incident,Transport Congestion,4,RoboNOC ticket for OXV79O2; detected event: transport congestion,3/5/2026 1:47,3/6/2026 19:47,OXV79O2,NW7L7,G-IP-OPS,Kein Fehler - Ticket zurückgezogen,Ticket closed after validation checks passed.
Z_INM200078A001,In Progress,G-CORE-OPS,Network-Incident,Transport Congestion,4,RoboNOC ticket for OXVOM20; detected event: transport congestion,3/5/2026 1:48,3/7/2026 15:48,OXVOM20,SVSSI,G-RAN-BO-VFRO-ZV,No impact confirmed,"Intermittent issue mitigated, root cause still under observation."
Z_INM200079A001,Open,G-RAN-FO-VFRO-ZV,Network-Incident,Link Down,1,RoboNOC ticket for OXVL86W; detected event: link down,3/5/2026 1:49,3/6/2026 1:49,OXVL86W,W4X5B,G-RAN-BO-VFRO-ZV,No impact confirmed,Capacity threshold updated to prevent future false alerts.
Z_INM200080A001,Open,G-RAN-FO-VFRO-ZV,Network-Incident,High CPU Usage,5,RoboNOC ticket for OXVGFXA; detected event: high cpu usage,3/5/2026 1:50,3/7/2026 8:50,OXVGFXA,PF5ZJ,G-RAN-BO-VFRO-ZV,Issue resolved,Configuration rollback applied to previous stable version.
Z_INM200081A001,Open,G-IP-OPS,Network-Incident,Störung - RBS - Huawei 4G,5,RoboNOC ticket for OXVUMG8; detected event: störung - rbs - huawei 4g,3/5/2026 1:51,3/5/2026 3:51,OXVUMG8,GSN4P,G-CORE-OPS,Root cause fixed,Ticket closed after validation checks passed.
Z_INM200082A001,Closed,G-RAN-FO-VFRO-ZV,Network-Incident,Transport Congestion,3,RoboNOC ticket for OXVLE4R; detected event: transport congestion,3/5/2026 1:52,3/5/2026 13:52,OXVLE4R,86VX6,G-IP-OPS,Root cause fixed,Alarm cleared automatically after transient spike. No further action required. No recurrence observed in the last monitoring window.
Z_INM200083A001,Closed,G-IP-OPS,Network-Incident,Packet Loss Detected,3,RoboNOC ticket for OXV46EG; detected event: packet loss detected,3/5/2026 1:53,3/6/2026 12:53,OXV46EG,GQBMY,G-CORE-OPS,Root cause fixed,Capacity threshold updated to prevent future false alerts.
Z_INM200084A001,In Progress,G-RAN-BO-VFRO-ZV,Network-Incident,High CPU Usage,2,RoboNOC ticket for OXVBGJ8; detected event: high cpu usage,3/5/2026 1:54,3/5/2026 17:54,OXVBGJ8,S2LTL,G-IP-OPS,No impact confirmed,Manual intervention performed: service restarted and stability confirmed.
Z_INM200085A001,In Progress,G-IP-OPS,Network-Incident,Packet Loss Detected,1,RoboNOC ticket for OXV88OK; detected event: packet loss detected,3/5/2026 1:55,3/6/2026 21:55,OXV88OK,5UA27,G-CORE-OPS,Issue resolved,Ticket closed after validation checks passed.
Z_INM200086A001,In Progress,G-RAN-BO-VFRO-ZV,Network-Incident,High CPU Usage,2,RoboNOC ticket for OXV94EA; detected event: high cpu usage,3/5/2026 1:56,3/6/2026 5:56,OXV94EA,KDMDN,G-RAN-FO-VFRO-ZV,Kein Fehler - Ticket zurückgezogen,Network element unreachable briefly; connectivity restored.
Z_INM200087A001,Open,G-RAN-FO-VFRO-ZV,Network-Incident,Packet Loss Detected,5,RoboNOC ticket for OXVAWM0; detected event: packet loss detected,3/5/2026 1:57,3/5/2026 13:57,OXVAWM0,8BL0A,G-RAN-FO-VFRO-ZV,Root cause fixed,Alarm cleared after software patch deployment.
Z_INM200088A001,Open,G-CORE-OPS,Network-Incident,High CPU Usage,4,RoboNOC ticket for OXV586J; detected event: high cpu usage,3/5/2026 1:58,3/7/2026 23:58,OXV586J,07PIC,G-RAN-FO-VFRO-ZV,No impact confirmed,Network element unreachable briefly; connectivity restored. Additional validation checks completed successfully.
Z_INM200089A001,Closed,G-IP-OPS,Network-Incident,High CPU Usage,5,RoboNOC ticket for OXVZO3F; detected event: high cpu usage,3/5/2026 1:59,3/5/2026 22:59,OXVZO3F,WF3GN,G-RAN-FO-VFRO-ZV,No impact confirmed,Manual intervention performed: service restarted and stability confirmed.
Z_INM200090A001,Open,G-RAN-BO-VFRO-ZV,Network-Incident,Link Down,1,RoboNOC ticket for OXVAFGS; detected event: link down,3/5/2026 2:00,3/6/2026 0:00,OXVAFGS,450AW,G-RAN-BO-VFRO-ZV,Root cause fixed,"Intermittent issue mitigated, root cause still under observation."
Z_INM200091A001,Closed,G-CORE-OPS,Network-Incident,Link Down,4,RoboNOC ticket for OXVKVHN; detected event: link down,3/5/2026 2:01,3/6/2026 12:01,OXVKVHN,AU9E7,G-RAN-BO-VFRO-ZV,Kein Fehler - Ticket zurückgezogen,Alarm cleared after software patch deployment. Additional validation checks completed successfully.
Z_INM200092A001,Open,G-CORE-OPS,Network-Incident,Störung - RBS - Huawei 4G,4,RoboNOC ticket for OXV0CQH; detected event: störung - rbs - huawei 4g,3/5/2026 2:02,3/5/2026 11:02,OXV0CQH,LMGW0,G-RAN-BO-VFRO-ZV,Kein Fehler - Ticket zurückgezogen,"Temporary degradation observed, system self-recovered."
Z_INM200093A001,In Progress,G-CORE-OPS,Network-Incident,Störung - RBS - Huawei 4G,1,RoboNOC ticket for OXVNSKJ; detected event: störung - rbs - huawei 4g,3/5/2026 2:03,3/5/2026 13:03,OXVNSKJ,ON4J2,G-RAN-BO-VFRO-ZV,Issue resolved,Service impact minimal; corrective action implemented.
Z_INM200094A001,Open,G-RAN-FO-VFRO-ZV,Network-Incident,Packet Loss Detected,2,RoboNOC ticket for OXVJ7NZ; detected event: packet loss detected,3/5/2026 2:04,3/7/2026 2:04,OXVJ7NZ,SY76R,G-RAN-BO-VFRO-ZV,Root cause fixed,Service impact minimal; corrective action implemented. Additional validation checks completed successfully.
Z_INM200095A001,Open,G-RAN-BO-VFRO-ZV,Network-Incident,Packet Loss Detected,5,RoboNOC ticket for OXV728K; detected event: packet loss detected,3/5/2026 2:05,3/5/2026 7:05,OXV728K,IZRS6,G-IP-OPS,Issue resolved,Signal fluctuation detected; no persistent fault found.
Z_INM200096A001,Open,G-IP-OPS,Network-Incident,Störung - RBS - Huawei 4G,5,RoboNOC ticket for OXV622A; detected event: störung - rbs - huawei 4g,3/5/2026 2:06,3/7/2026 12:06,OXV622A,LCZXA,G-RAN-FO-VFRO-ZV,Issue resolved,Issue correlated with planned maintenance. No action needed. Additional validation checks completed successfully. No recurrence observed in the last monitoring window.
Z_INM200097A001,In Progress,G-CORE-OPS,Network-Incident,Störung - RBS - Huawei 4G,2,RoboNOC ticket for OXVJC4Q; detected event: störung - rbs - huawei 4g,3/5/2026 2:07,3/6/2026 17:07,OXVJC4Q,Y9ZRA,G-IP-OPS,Root cause fixed,Hardware module reset remotely. Traffic restored without errors. Additional validation checks completed successfully.
Z_INM200098A001,Open,G-IP-OPS,Network-Incident,High CPU Usage,2,RoboNOC ticket for OXV3JHM; detected event: high cpu usage,3/5/2026 2:08,3/7/2026 18:08,OXV3JHM,LMI06,G-CORE-OPS,Kein Fehler - Ticket zurückgezogen,Alarm cleared automatically after transient spike. No further action required.
Z_INM200099A001,Open,G-RAN-FO-VFRO-ZV,Network-Incident,Link Down,2,RoboNOC ticket for OXVT6C0; detected event: link down,3/5/2026 2:09,3/7/2026 20:09,OXVT6C0,RIW52,G-RAN-BO-VFRO-ZV,Monitoring ongoing,Signal fluctuation detected; no persistent fault found.
Z_INM200100A001,Closed,G-CORE-OPS,Network-Incident,High CPU Usage,5,RoboNOC ticket for OXV836I; detected event: high cpu usage,3/5/2026 2:10,3/7/2026 18:10,OXV836I,9XQ5A,G-RAN-BO-VFRO-ZV,Kein Fehler - Ticket zurückgezogen,High load condition normalized after capacity rebalancing. Additional validation checks completed successfully. No recurrence observed in the last monitoring window.
Z_INM200101A001,Open,G-RAN-FO-VFRO-ZV,Network-Incident,Transport Congestion,5,RoboNOC ticket for OXVGIPB; detected event: transport congestion,3/5/2026 2:11,3/5/2026 11:11,OXVGIPB,8LFZV,G-RAN-BO-VFRO-ZV,Kein Fehler - Ticket zurückgezogen,Capacity threshold updated to prevent future false alerts. Additional validation checks completed successfully. No recurrence observed in the last monitoring window.
Z_INM200102A001,Closed,G-CORE-OPS,Network-Incident,High CPU Usage,4,RoboNOC ticket for OXVMKE0; detected event: high cpu usage,3/5/2026 2:12,3/6/2026 5:12,OXVMKE0,EK7EZ,G-IP-OPS,Monitoring ongoing,False positive alarm generated by monitoring system. Ticket closed. Additional validation checks completed successfully.
Z_INM200103A001,In Progress,G-RAN-BO-VFRO-ZV,Network-Incident,High CPU Usage,5,RoboNOC ticket for OXVIWSJ; detected event: high cpu usage,3/5/2026 2:13,3/8/2026 2:13,OXVIWSJ,PREEX,G-RAN-FO-VFRO-ZV,Issue resolved,Manual intervention performed: service restarted and stability confirmed. No recurrence observed in the last monitoring window.
Z_INM200104A001,In Progress,G-RAN-BO-VFRO-ZV,Network-Incident,High CPU Usage,4,RoboNOC ticket for OXVVU98; detected event: high cpu usage,3/5/2026 2:14,3/6/2026 17:14,OXVVU98,8Q7PV,G-IP-OPS,Kein Fehler - Ticket zurückgezogen,Hardware module reset remotely. Traffic restored without errors.
Z_INM200105A001,Open,G-IP-OPS,Network-Incident,High CPU Usage,1,RoboNOC ticket for OXVUG6L; detected event: high cpu usage,3/5/2026 2:15,3/7/2026 17:15,OXVUG6L,AQULK,G-RAN-BO-VFRO-ZV,Issue resolved,High load condition normalized after capacity rebalancing.
Z_INM200106A001,In Progress,G-CORE-OPS,Network-Incident,High CPU Usage,1,RoboNOC ticket for OXVKWIL; detected event: high cpu usage,3/5/2026 2:16,3/5/2026 18:16,OXVKWIL,059O3,G-IP-OPS,Issue resolved,Ticket closed after validation checks passed. Additional validation checks completed successfully.
Z_INM200107A001,In Progress,G-RAN-FO-VFRO-ZV,Network-Incident,Störung - RBS - Huawei 4G,1,RoboNOC ticket for OXV1GB9; detected event: störung - rbs - huawei 4g,3/5/2026 2:17,3/7/2026 15:17,OXV1GB9,MLHF8,G-CORE-OPS,Kein Fehler - Ticket zurückgezogen,Alarm cleared automatically after transient spike. No further action required. Additional validation checks completed successfully.
Z_INM200108A001,Open,G-CORE-OPS,Network-Incident,Transport Congestion,3,RoboNOC ticket for OXVAOEJ; detected event: transport congestion,3/5/2026 2:18,3/6/2026 13:18,OXVAOEJ,W0I2W,G-CORE-OPS,No impact confirmed,Hardware module reset remotely. Traffic restored without errors.
Z_INM200109A001,In Progress,G-CORE-OPS,Network-Incident,Link Down,3,RoboNOC ticket for OXV44IB; detected event: link down,3/5/2026 2:19,3/5/2026 17:19,OXV44IB,K6HLD,G-IP-OPS,No impact confirmed,"Intermittent issue mitigated, root cause still under observation."
Z_INM200110A001,Open,G-RAN-FO-VFRO-ZV,Network-Incident,High CPU Usage,2,RoboNOC ticket for OXVHLFE; detected event: high cpu usage,3/5/2026 2:20,3/6/2026 3:20,OXVHLFE,DON1Q,G-IP-OPS,Kein Fehler - Ticket zurückgezogen,Alarm cleared automatically after transient spike. No further action required. Additional validation checks completed successfully.
Z_INM200111A001,Open,G-RAN-FO-VFRO-ZV,Network-Incident,High CPU Usage,5,RoboNOC ticket for OXVUF2V; detected event: high cpu usage,3/5/2026 2:21,3/5/2026 10:21,OXVUF2V,CKYAD,G-CORE-OPS,Issue resolved,"Temporary degradation observed, system self-recovered."
Z_INM200112A001,In Progress,G-CORE-OPS,Network-Incident,Link Down,1,RoboNOC ticket for OXVOS34; detected event: link down,3/5/2026 2:22,3/7/2026 19:22,OXVOS34,2S3A7,G-RAN-BO-VFRO-ZV,Root cause fixed,Transport link restored after provider-side fix. Monitoring continued. Additional validation checks completed successfully.
Z_INM200113A001,Open,G-RAN-BO-VFRO-ZV,Network-Incident,Störung - RBS - Huawei 4G,4,RoboNOC ticket for OXVT6NB; detected event: störung - rbs - huawei 4g,3/5/2026 2:23,3/6/2026 7:23,OXVT6NB,BNB7Y,G-IP-OPS,Issue resolved,High load condition normalized after capacity rebalancing.
Z_INM200114A001,Closed,G-CORE-OPS,Network-Incident,Störung - RBS - Huawei 4G,3,RoboNOC ticket for OXVRYHN; detected event: störung - rbs - huawei 4g,3/5/2026 2:24,3/7/2026 19:24,OXVRYHN,4BR0B,G-RAN-BO-VFRO-ZV,Monitoring ongoing,Alarm cleared after software patch deployment.
Z_INM200115A001,Closed,G-RAN-FO-VFRO-ZV,Network-Incident,Störung - RBS - Huawei 4G,3,RoboNOC ticket for OXVU7ZH; detected event: störung - rbs - huawei 4g,3/5/2026 2:25,3/5/2026 11:25,OXVU7ZH,KCYTL,G-RAN-BO-VFRO-ZV,No impact confirmed,Signal fluctuation detected; no persistent fault found. Additional validation checks completed successfully.
Z_INM200116A001,Closed,G-RAN-FO-VFRO-ZV,Network-Incident,Link Down,3,RoboNOC ticket for OXV5PVZ; detected event: link down,3/5/2026 2:26,3/7/2026 10:26,OXV5PVZ,4KM5T,G-CORE-OPS,Issue resolved,Ticket closed after validation checks passed.
Z_INM200117A001,In Progress,G-RAN-BO-VFRO-ZV,Network-Incident,Transport Congestion,3,RoboNOC ticket for OXVJXJ8; detected event: transport congestion,3/5/2026 2:27,3/5/2026 23:27,OXVJXJ8,TSE6E,G-RAN-BO-VFRO-ZV,Root cause fixed,Alarm cleared after software patch deployment. No recurrence observed in the last monitoring window.
Z_INM200118A001,In Progress,G-IP-OPS,Network-Incident,Transport Congestion,1,RoboNOC ticket for OXVS4EZ; detected event: transport congestion,3/5/2026 2:28,3/7/2026 13:28,OXVS4EZ,BTY19,G-RAN-BO-VFRO-ZV,No impact confirmed,Hardware module reset remotely. Traffic restored without errors.
Z_INM200119A001,Closed,G-CORE-OPS,Network-Incident,High CPU Usage,2,RoboNOC ticket for OXV6MDD; detected event: high cpu usage,3/5/2026 2:29,3/5/2026 9:29,OXV6MDD,JXYX8,G-RAN-FO-VFRO-ZV,No impact confirmed,Alarm cleared automatically after transient spike. No further action required.
Z_INM200120A001,Open,G-CORE-OPS,Network-Incident,Transport Congestion,5,RoboNOC ticket for OXVHFWA; detected event: transport congestion,3/5/2026 2:30,3/5/2026 9:30,OXVHFWA,3D42L,G-IP-OPS,Kein Fehler - Ticket zurückgezogen,Capacity threshold updated to prevent future false alerts. No recurrence observed in the last monitoring window.
Z_INM200121A001,In Progress,G-RAN-BO-VFRO-ZV,Network-Incident,Transport Congestion,4,RoboNOC ticket for OXVTZ69; detected event: transport congestion,3/5/2026 2:31,3/5/2026 6:31,OXVTZ69,FT8QZ,G-RAN-BO-VFRO-ZV,No impact confirmed,Transport link restored after provider-side fix. Monitoring continued.
Z_INM200122A001,In Progress,G-CORE-OPS,Network-Incident,Packet Loss Detected,5,RoboNOC ticket for OXVHJLG; detected event: packet loss detected,3/5/2026 2:32,3/7/2026 9:32,OXVHJLG,ODIQA,G-IP-OPS,Kein Fehler - Ticket zurückgezogen,False positive alarm generated by monitoring system. Ticket closed.
Z_INM200123A001,Open,G-RAN-FO-VFRO-ZV,Network-Incident,Transport Congestion,2,RoboNOC ticket for OXVN9FT; detected event: transport congestion,3/5/2026 2:33,3/8/2026 0:33,OXVN9FT,V25MQ,G-IP-OPS,No impact confirmed,High load condition normalized after capacity rebalancing. Additional validation checks completed successfully.
Z_INM200124A001,Open,G-RAN-FO-VFRO-ZV,Network-Incident,Störung - RBS - Huawei 4G,2,RoboNOC ticket for OXV0T83; detected event: störung - rbs - huawei 4g,3/5/2026 2:34,3/6/2026 15:34,OXV0T83,36TDF,G-IP-OPS,Issue resolved,Root cause identified as configuration mismatch. Parameters adjusted accordingly.
Z_INM200125A001,Open,G-IP-OPS,Network-Incident,High CPU Usage,1,RoboNOC ticket for OXVU80Y; detected event: high cpu usage,3/5/2026 2:35,3/6/2026 19:35,OXVU80Y,WHMP9,G-RAN-BO-VFRO-ZV,Monitoring ongoing,Problem resolved during investigation; no reproducible issue.
Z_INM200126A001,Closed,G-RAN-FO-VFRO-ZV,Network-Incident,Störung - RBS - Huawei 4G,5,RoboNOC ticket for OXVQ9J3; detected event: störung - rbs - huawei 4g,3/5/2026 2:36,3/5/2026 12:36,OXVQ9J3,FBZPA,G-RAN-BO-VFRO-ZV,Issue resolved,"Intermittent issue mitigated, root cause still under observation."
Z_INM200127A001,Open,G-IP-OPS,Network-Incident,Transport Congestion,3,RoboNOC ticket for OXVP3TS; detected event: transport congestion,3/5/2026 2:37,3/7/2026 23:37,OXVP3TS,KJMO6,G-CORE-OPS,No impact confirmed,Configuration rollback applied to previous stable version.
Z_INM200128A001,In Progress,G-CORE-OPS,Network-Incident,Packet Loss Detected,5,RoboNOC ticket for OXVYNDP; detected event: packet loss detected,3/5/2026 2:38,3/5/2026 7:38,OXVYNDP,IAAY4,G-RAN-BO-VFRO-ZV,Kein Fehler - Ticket zurückgezogen,High load condition normalized after capacity rebalancing.
Z_INM200129A001,Open,G-IP-OPS,Network-Incident,Transport Congestion,1,RoboNOC ticket for OXVCCDQ; detected event: transport congestion,3/5/2026 2:39,3/7/2026 7:39,OXVCCDQ,CBP02,G-CORE-OPS,Monitoring ongoing,Capacity threshold updated to prevent future false alerts.
Z_INM200130A001,Open,G-CORE-OPS,Network-Incident,Link Down,3,RoboNOC ticket for OXVD59R; detected event: link down,3/5/2026 2:40,3/6/2026 14:40,OXVD59R,ZVDN8,G-IP-OPS,Monitoring ongoing,Transport link restored after provider-side fix. Monitoring continued. No recurrence observed in the last monitoring window.
Z_INM200131A001,In Progress,G-IP-OPS,Network-Incident,Transport Congestion,1,RoboNOC ticket for OXVIZOM; detected event: transport congestion,3/5/2026 2:41,3/6/2026 14:41,OXVIZOM,P5NXI,G-IP-OPS,No impact confirmed,Manual intervention performed: service restarted and stability confirmed.
Z_INM200132A001,Closed,G-CORE-OPS,Network-Incident,Transport Congestion,3,RoboNOC ticket for OXVLHL9; detected event: transport congestion,3/5/2026 2:42,3/7/2026 22:42,OXVLHL9,1ZF4L,G-RAN-FO-VFRO-ZV,Root cause fixed,Transport link restored after provider-side fix. Monitoring continued.
Z_INM200133A001,In Progress,G-IP-OPS,Network-Incident,Packet Loss Detected,1,RoboNOC ticket for OXVWI18; detected event: packet loss detected,3/5/2026 2:43,3/6/2026 21:43,OXVWI18,0RT11,G-CORE-OPS,No impact confirmed,Signal fluctuation detected; no persistent fault found.
Z_INM200134A001,In Progress,G-IP-OPS,Network-Incident,Packet Loss Detected,2,RoboNOC ticket for OXV0VBC; detected event: packet loss detected,3/5/2026 2:44,3/7/2026 6:44,OXV0VBC,J5X54,G-CORE-OPS,Kein Fehler - Ticket zurückgezogen,"Temporary degradation observed, system self-recovered."
Z_INM200135A001,Closed,G-CORE-OPS,Network-Incident,Packet Loss Detected,5,RoboNOC ticket for OXV8IXM; detected event: packet loss detected,3/5/2026 2:45,3/7/2026 15:45,OXV8IXM,01KKQ,G-RAN-FO-VFRO-ZV,Kein Fehler - Ticket zurückgezogen,"Temporary degradation observed, system self-recovered. No recurrence observed in the last monitoring window."
Z_INM200136A001,Open,G-IP-OPS,Network-Incident,Packet Loss Detected,1,RoboNOC ticket for OXVWTDM; detected event: packet loss detected,3/5/2026 2:46,3/7/2026 11:46,OXVWTDM,45T8N,G-RAN-BO-VFRO-ZV,Kein Fehler - Ticket zurückgezogen,Root cause identified as configuration mismatch. Parameters adjusted accordingly.
Z_INM200137A001,Closed,G-IP-OPS,Network-Incident,High CPU Usage,1,RoboNOC ticket for OXVI1LI; detected event: high cpu usage,3/5/2026 2:47,3/7/2026 7:47,OXVI1LI,HO0QC,G-RAN-BO-VFRO-ZV,No impact confirmed,Ticket closed after validation checks passed. No recurrence observed in the last monitoring window.
Z_INM200138A001,In Progress,G-RAN-FO-VFRO-ZV,Network-Incident,Transport Congestion,4,RoboNOC ticket for OXV8IR7; detected event: transport congestion,3/5/2026 2:48,3/8/2026 2:48,OXV8IR7,KP51V,G-IP-OPS,Monitoring ongoing,Service impact minimal; corrective action implemented.
Z_INM200139A001,Closed,G-IP-OPS,Network-Incident,Transport Congestion,5,RoboNOC ticket for OXVN28S; detected event: transport congestion,3/5/2026 2:49,3/7/2026 12:49,OXVN28S,C52II,G-RAN-BO-VFRO-ZV,Issue resolved,Root cause identified as configuration mismatch. Parameters adjusted accordingly. No recurrence observed in the last monitoring window.
Z_INM200140A001,Closed,G-CORE-OPS,Network-Incident,Störung - RBS - Huawei 4G,1,RoboNOC ticket for OXV4ENT; detected event: störung - rbs - huawei 4g,3/5/2026 2:50,3/6/2026 22:50,OXV4ENT,RIVNJ,G-RAN-FO-VFRO-ZV,Kein Fehler - Ticket zurückgezogen,Issue correlated with planned maintenance. No action needed.
Z_INM200141A001,In Progress,G-RAN-BO-VFRO-ZV,Network-Incident,Störung - RBS - Huawei 4G,1,RoboNOC ticket for OXV3FDH; detected event: störung - rbs - huawei 4g,3/5/2026 2:51,3/7/2026 2:51,OXV3FDH,GPYP4,G-RAN-BO-VFRO-ZV,Monitoring ongoing,Alarm cleared automatically after transient spike. No further action required.
Z_INM200142A001,In Progress,G-RAN-FO-VFRO-ZV,Network-Incident,Link Down,1,RoboNOC ticket for OXV7FZJ; detected event: link down,3/5/2026 2:52,3/7/2026 21:52,OXV7FZJ,P3JT9,G-IP-OPS,Monitoring ongoing,Problem resolved during investigation; no reproducible issue. No recurrence observed in the last monitoring window.
Z_INM200143A001,Closed,G-IP-OPS,Network-Incident,Link Down,4,RoboNOC ticket for OXV61EB; detected event: link down,3/5/2026 2:53,3/7/2026 19:53,OXV61EB,BRI7D,G-RAN-FO-VFRO-ZV,No impact confirmed,Hardware module reset remotely. Traffic restored without errors.
Z_INM200144A001,Closed,G-RAN-BO-VFRO-ZV,Network-Incident,High CPU Usage,1,RoboNOC ticket for OXV9B1Z; detected event: high cpu usage,3/5/2026 2:54,3/7/2026 9:54,OXV9B1Z,WQS7T,G-RAN-BO-VFRO-ZV,Issue resolved,Network element unreachable briefly; connectivity restored.
Z_INM200145A001,Open,G-RAN-FO-VFRO-ZV,Network-Incident,Transport Congestion,4,RoboNOC ticket for OXVJYAY; detected event: transport congestion,3/5/2026 2:55,3/5/2026 6:55,OXVJYAY,RB92Z,G-IP-OPS,No impact confirmed,"Escalated to vendor, fix applied and verified. Additional validation checks completed successfully."
Z_INM200146A001,In Progress,G-RAN-FO-VFRO-ZV,Network-Incident,Störung - RBS - Huawei 4G,4,RoboNOC ticket for OXVMF3G; detected event: störung - rbs - huawei 4g,3/5/2026 2:56,3/5/2026 19:56,OXVMF3G,0AHKL,G-RAN-BO-VFRO-ZV,Kein Fehler - Ticket zurückgezogen,CPU spike resolved after process optimization. Additional validation checks completed successfully.
Z_INM200147A001,In Progress,G-CORE-OPS,Network-Incident,Packet Loss Detected,3,RoboNOC ticket for OXVATF6; detected event: packet loss detected,3/5/2026 2:57,3/6/2026 0:57,OXVATF6,RWQKI,G-IP-OPS,Issue resolved,CPU spike resolved after process optimization. No recurrence observed in the last monitoring window.
Z_INM200148A001,In Progress,G-RAN-FO-VFRO-ZV,Network-Incident,Transport Congestion,2,RoboNOC ticket for OXVSSDT; detected event: transport congestion,3/5/2026 2:58,3/8/2026 1:58,OXVSSDT,YBODO,G-IP-OPS,No impact confirmed,High load condition normalized after capacity rebalancing. No recurrence observed in the last monitoring window.
Z_INM200149A001,Closed,G-RAN-BO-VFRO-ZV,Network-Incident,Link Down,5,RoboNOC ticket for OXVQZ9L; detected event: link down,3/5/2026 2:59,3/7/2026 1:59,OXVQZ9L,K8MXB,G-RAN-FO-VFRO-ZV,Kein Fehler - Ticket zurückgezogen,Network element unreachable briefly; connectivity restored. Additional validation checks completed successfully.
Z_INM200150A001,Closed,G-RAN-FO-VFRO-ZV,Network-Incident,Störung - RBS - Huawei 4G,1,RoboNOC ticket for OXVVJQI; detected event: störung - rbs - huawei 4g,3/5/2026 3:00,3/6/2026 10:00,OXVVJQI,2X7RS,G-RAN-BO-VFRO-ZV,Root cause fixed,CPU spike resolved after process optimization.
Z_INM200151A001,Open,G-RAN-FO-VFRO-ZV,Network-Incident,High CPU Usage,2,RoboNOC ticket for OXVA392; detected event: high cpu usage,3/5/2026 3:01,3/8/2026 2:01,OXVA392,V84VY,G-RAN-FO-VFRO-ZV,Root cause fixed,"Temporary degradation observed, system self-recovered. Additional validation checks completed successfully."
Z_INM200152A001,In Progress,G-RAN-FO-VFRO-ZV,Network-Incident,High CPU Usage,2,RoboNOC ticket for OXVWQVJ; detected event: high cpu usage,3/5/2026 3:02,3/7/2026 22:02,OXVWQVJ,DZUOX,G-IP-OPS,Kein Fehler - Ticket zurückgezogen,Network element unreachable briefly; connectivity restored. No recurrence observed in the last monitoring window.
Z_INM200153A001,Open,G-RAN-FO-VFRO-ZV,Network-Incident,Packet Loss Detected,3,RoboNOC ticket for OXVLLTN; detected event: packet loss detected,3/5/2026 3:03,3/7/2026 22:03,OXVLLTN,FMM19,G-IP-OPS,Kein Fehler - Ticket zurückgezogen,Alarm cleared after software patch deployment. No recurrence observed in the last monitoring window.
Z_INM200154A001,In Progress,G-CORE-OPS,Network-Incident,Transport Congestion,3,RoboNOC ticket for OXVIPNR; detected event: transport congestion,3/5/2026 3:04,3/5/2026 20:04,OXVIPNR,V49GX,G-RAN-BO-VFRO-ZV,Kein Fehler - Ticket zurückgezogen,Hardware module reset remotely. Traffic restored without errors.
Z_INM200155A001,In Progress,G-RAN-FO-VFRO-ZV,Network-Incident,Packet Loss Detected,5,RoboNOC ticket for OXVJM7E; detected event: packet loss detected,3/5/2026 3:05,3/6/2026 22:05,OXVJM7E,V8IF4,G-IP-OPS,No impact confirmed,Capacity threshold updated to prevent future false alerts.
Z_INM200156A001,Closed,G-RAN-BO-VFRO-ZV,Network-Incident,Transport Congestion,3,RoboNOC ticket for OXVCEL8; detected event: transport congestion,3/5/2026 3:06,3/7/2026 10:06,OXVCEL8,Z08OC,G-RAN-BO-VFRO-ZV,Issue resolved,False positive alarm generated by monitoring system. Ticket closed.
Z_INM200157A001,Closed,G-RAN-BO-VFRO-ZV,Network-Incident,Transport Congestion,1,RoboNOC ticket for OXV0MSH; detected event: transport congestion,3/5/2026 3:07,3/5/2026 16:07,OXV0MSH,OFBQX,G-CORE-OPS,Kein Fehler - Ticket zurückgezogen,Ticket closed after validation checks passed.
Z_INM200158A001,Open,G-RAN-FO-VFRO-ZV,Network-Incident,Störung - RBS - Huawei 4G,1,RoboNOC ticket for OXVPCE2; detected event: störung - rbs - huawei 4g,3/5/2026 3:08,3/7/2026 20:08,OXVPCE2,9V3C6,G-IP-OPS,Issue resolved,Capacity threshold updated to prevent future false alerts.
Z_INM200159A001,Open,G-IP-OPS,Network-Incident,Packet Loss Detected,3,RoboNOC ticket for OXV8QX7; detected event: packet loss detected,3/5/2026 3:09,3/6/2026 20:09,OXV8QX7,T21D4,G-RAN-BO-VFRO-ZV,No impact confirmed,False positive alarm generated by monitoring system. Ticket closed. Additional validation checks completed successfully.
Z_INM200160A001,In Progress,G-RAN-BO-VFRO-ZV,Network-Incident,High CPU Usage,4,RoboNOC ticket for OXVKHDQ; detected event: high cpu usage,3/5/2026 3:10,3/6/2026 8:10,OXVKHDQ,19BXI,G-IP-OPS,Issue resolved,Problem resolved during investigation; no reproducible issue.
Z_INM200161A001,Closed,G-IP-OPS,Network-Incident,Transport Congestion,5,RoboNOC ticket for OXV4RHV; detected event: transport congestion,3/5/2026 3:11,3/7/2026 19:11,OXV4RHV,JCI9O,G-IP-OPS,Issue resolved,Signal fluctuation detected; no persistent fault found. Additional validation checks completed successfully. No recurrence observed in the last monitoring window.
Z_INM200162A001,Closed,G-IP-OPS,Network-Incident,Packet Loss Detected,4,RoboNOC ticket for OXVE1VM; detected event: packet loss detected,3/5/2026 3:12,3/7/2026 11:12,OXVE1VM,PNMNJ,G-CORE-OPS,No impact confirmed,Hardware module reset remotely. Traffic restored without errors.
Z_INM200163A001,In Progress,G-IP-OPS,Network-Incident,Transport Congestion,5,RoboNOC ticket for OXVCP7B; detected event: transport congestion,3/5/2026 3:13,3/6/2026 0:13,OXVCP7B,47VUY,G-CORE-OPS,Issue resolved,Manual intervention performed: service restarted and stability confirmed. Additional validation checks completed successfully.
Z_INM200164A001,In Progress,G-IP-OPS,Network-Incident,High CPU Usage,3,RoboNOC ticket for OXV6TJ8; detected event: high cpu usage,3/5/2026 3:14,3/7/2026 20:14,OXV6TJ8,3UPOH,G-RAN-BO-VFRO-ZV,No impact confirmed,Configuration rollback applied to previous stable version. Additional validation checks completed successfully. No recurrence observed in the last monitoring window.
Z_INM200165A001,Open,G-RAN-FO-VFRO-ZV,Network-Incident,Transport Congestion,4,RoboNOC ticket for OXVZPWI; detected event: transport congestion,3/5/2026 3:15,3/5/2026 16:15,OXVZPWI,F0VS1,G-RAN-BO-VFRO-ZV,Monitoring ongoing,Root cause identified as configuration mismatch. Parameters adjusted accordingly.
Z_INM200166A001,Closed,G-RAN-FO-VFRO-ZV,Network-Incident,High CPU Usage,2,RoboNOC ticket for OXV18RT; detected event: high cpu usage,3/5/2026 3:16,3/5/2026 13:16,OXV18RT,2Y0GL,G-RAN-FO-VFRO-ZV,Issue resolved,Issue correlated with planned maintenance. No action needed.
Z_INM200167A001,In Progress,G-RAN-FO-VFRO-ZV,Network-Incident,High CPU Usage,5,RoboNOC ticket for OXV8Z7W; detected event: high cpu usage,3/5/2026 3:17,3/8/2026 1:17,OXV8Z7W,1TCTR,G-RAN-BO-VFRO-ZV,Issue resolved,"Temporary degradation observed, system self-recovered."
Z_INM200168A001,In Progress,G-RAN-BO-VFRO-ZV,Network-Incident,Störung - RBS - Huawei 4G,4,RoboNOC ticket for OXVWG70; detected event: störung - rbs - huawei 4g,3/5/2026 3:18,3/7/2026 0:18,OXVWG70,AW00B,G-CORE-OPS,No impact confirmed,Problem resolved during investigation; no reproducible issue. Additional validation checks completed successfully.
Z_INM200169A001,Open,G-RAN-FO-VFRO-ZV,Network-Incident,Störung - RBS - Huawei 4G,4,RoboNOC ticket for OXVL9VT; detected event: störung - rbs - huawei 4g,3/5/2026 3:19,3/6/2026 21:19,OXVL9VT,K2BAI,G-IP-OPS,Monitoring ongoing,Network element unreachable briefly; connectivity restored.
Z_INM200170A001,In Progress,G-RAN-FO-VFRO-ZV,Network-Incident,Link Down,2,RoboNOC ticket for OXV67SS; detected event: link down,3/5/2026 3:20,3/8/2026 3:20,OXV67SS,6AZ40,G-CORE-OPS,Monitoring ongoing,Issue correlated with planned maintenance. No action needed.
Z_INM200171A001,In Progress,G-RAN-BO-VFRO-ZV,Network-Incident,Link Down,2,RoboNOC ticket for OXV5DSL; detected event: link down,3/5/2026 3:21,3/7/2026 23:21,OXV5DSL,85SOV,G-CORE-OPS,Kein Fehler - Ticket zurückgezogen,Hardware module reset remotely. Traffic restored without errors. Additional validation checks completed successfully.
Z_INM200172A001,Closed,G-RAN-FO-VFRO-ZV,Network-Incident,Transport Congestion,3,RoboNOC ticket for OXVMAKS; detected event: transport congestion,3/5/2026 3:22,3/6/2026 21:22,OXVMAKS,3X0RG,G-CORE-OPS,Kein Fehler - Ticket zurückgezogen,Alarm cleared after software patch deployment.
Z_INM200173A001,Open,G-RAN-BO-VFRO-ZV,Network-Incident,Transport Congestion,5,RoboNOC ticket for OXVAR7C; detected event: transport congestion,3/5/2026 3:23,3/6/2026 2:23,OXVAR7C,T17ZL,G-RAN-BO-VFRO-ZV,Issue resolved,Service impact minimal; corrective action implemented. Additional validation checks completed successfully.
Z_INM200174A001,Closed,G-IP-OPS,Network-Incident,High CPU Usage,4,RoboNOC ticket for OXVIN5O; detected event: high cpu usage,3/5/2026 3:24,3/5/2026 20:24,OXVIN5O,FGXZ5,G-IP-OPS,Monitoring ongoing,"Temporary degradation observed, system self-recovered."
Z_INM200175A001,Open,G-RAN-BO-VFRO-ZV,Network-Incident,High CPU Usage,3,RoboNOC ticket for OXVITO3; detected event: high cpu usage,3/5/2026 3:25,3/6/2026 3:25,OXVITO3,4CSIE,G-RAN-BO-VFRO-ZV,Monitoring ongoing,"Escalated to vendor, fix applied and verified. Additional validation checks completed successfully."
Z_INM200176A001,Open,G-RAN-FO-VFRO-ZV,Network-Incident,Link Down,4,RoboNOC ticket for OXVEMIU; detected event: link down,3/5/2026 3:26,3/5/2026 17:26,OXVEMIU,UWHMA,G-RAN-FO-VFRO-ZV,Kein Fehler - Ticket zurückgezogen,Service impact minimal; corrective action implemented. Additional validation checks completed successfully.
Z_INM200177A001,Closed,G-CORE-OPS,Network-Incident,High CPU Usage,2,RoboNOC ticket for OXVW71X; detected event: high cpu usage,3/5/2026 3:27,3/5/2026 23:27,OXVW71X,YH4PX,G-RAN-FO-VFRO-ZV,Root cause fixed,Signal fluctuation detected; no persistent fault found. Additional validation checks completed successfully.
Z_INM200178A001,Open,G-IP-OPS,Network-Incident,High CPU Usage,3,RoboNOC ticket for OXVAUXN; detected event: high cpu usage,3/5/2026 3:28,3/8/2026 3:28,OXVAUXN,O58YV,G-IP-OPS,Root cause fixed,"Temporary degradation observed, system self-recovered."
Z_INM200179A001,Open,G-RAN-FO-VFRO-ZV,Network-Incident,Link Down,4,RoboNOC ticket for OXVXBTM; detected event: link down,3/5/2026 3:29,3/6/2026 21:29,OXVXBTM,E21VC,G-RAN-BO-VFRO-ZV,Monitoring ongoing,CPU spike resolved after process optimization. Additional validation checks completed successfully.
Z_INM200180A001,Closed,G-RAN-BO-VFRO-ZV,Network-Incident,Störung - RBS - Huawei 4G,5,RoboNOC ticket for OXVVAVF; detected event: störung - rbs - huawei 4g,3/5/2026 3:30,3/7/2026 18:30,OXVVAVF,VCCDG,G-RAN-FO-VFRO-ZV,Monitoring ongoing,CPU spike resolved after process optimization.
Z_INM200181A001,Open,G-RAN-FO-VFRO-ZV,Network-Incident,Transport Congestion,3,RoboNOC ticket for OXVODIY; detected event: transport congestion,3/5/2026 3:31,3/5/2026 19:31,OXVODIY,KE41K,G-RAN-FO-VFRO-ZV,Monitoring ongoing,Problem resolved during investigation; no reproducible issue.
Z_INM200182A001,Open,G-IP-OPS,Network-Incident,High CPU Usage,5,RoboNOC ticket for OXV48Y5; detected event: high cpu usage,3/5/2026 3:32,3/5/2026 14:32,OXV48Y5,H3YN6,G-IP-OPS,Issue resolved,Capacity threshold updated to prevent future false alerts.
Z_INM200183A001,In Progress,G-IP-OPS,Network-Incident,High CPU Usage,2,RoboNOC ticket for OXV2V42; detected event: high cpu usage,3/5/2026 3:33,3/5/2026 21:33,OXV2V42,BOY8R,G-CORE-OPS,Monitoring ongoing,Ticket closed after validation checks passed. No recurrence observed in the last monitoring window.
Z_INM200184A001,In Progress,G-IP-OPS,Network-Incident,Link Down,1,RoboNOC ticket for OXVECVU; detected event: link down,3/5/2026 3:34,3/6/2026 15:34,OXVECVU,EMH8M,G-IP-OPS,Root cause fixed,Root cause identified as configuration mismatch. Parameters adjusted accordingly.
Z_INM200185A001,Closed,G-CORE-OPS,Network-Incident,Störung - RBS - Huawei 4G,5,RoboNOC ticket for OXVW05J; detected event: störung - rbs - huawei 4g,3/5/2026 3:35,3/7/2026 21:35,OXVW05J,DX0CQ,G-RAN-BO-VFRO-ZV,Root cause fixed,Configuration rollback applied to previous stable version. Additional validation checks completed successfully.
Z_INM200186A001,In Progress,G-CORE-OPS,Network-Incident,Link Down,1,RoboNOC ticket for OXV45E8; detected event: link down,3/5/2026 3:36,3/5/2026 8:36,OXV45E8,DDU77,G-RAN-FO-VFRO-ZV,Issue resolved,Manual intervention performed: service restarted and stability confirmed. Additional validation checks completed successfully.
Z_INM200187A001,Open,G-IP-OPS,Network-Incident,Transport Congestion,1,RoboNOC ticket for OXV79TF; detected event: transport congestion,3/5/2026 3:37,3/6/2026 4:37,OXV79TF,SBZPM,G-RAN-BO-VFRO-ZV,Issue resolved,Issue correlated with planned maintenance. No action needed. No recurrence observed in the last monitoring window.
Z_INM200188A001,In Progress,G-CORE-OPS,Network-Incident,Transport Congestion,4,RoboNOC ticket for OXV5QC1; detected event: transport congestion,3/5/2026 3:38,3/7/2026 2:38,OXV5QC1,HRGR7,G-CORE-OPS,Monitoring ongoing,Alarm cleared automatically after transient spike. No further action required.
Z_INM200189A001,Open,G-RAN-FO-VFRO-ZV,Network-Incident,Packet Loss Detected,2,RoboNOC ticket for OXVEI02; detected event: packet loss detected,3/5/2026 3:39,3/6/2026 3:39,OXVEI02,AEKJD,G-RAN-BO-VFRO-ZV,Monitoring ongoing,Problem resolved during investigation; no reproducible issue.
Z_INM200190A001,Closed,G-CORE-OPS,Network-Incident,Störung - RBS - Huawei 4G,1,RoboNOC ticket for OXVZFBU; detected event: störung - rbs - huawei 4g,3/5/2026 3:40,3/5/2026 9:40,OXVZFBU,XCIT9,G-RAN-FO-VFRO-ZV,No impact confirmed,Alarm cleared automatically after transient spike. No further action required.
Z_INM200191A001,Closed,G-RAN-FO-VFRO-ZV,Network-Incident,Link Down,5,RoboNOC ticket for OXV7VWV; detected event: link down,3/5/2026 3:41,3/6/2026 13:41,OXV7VWV,WLE5B,G-CORE-OPS,Monitoring ongoing,Alarm cleared after software patch deployment. Additional validation checks completed successfully. No recurrence observed in the last monitoring window.
Z_INM200192A001,Closed,G-CORE-OPS,Network-Incident,Transport Congestion,5,RoboNOC ticket for OXV22N5; detected event: transport congestion,3/5/2026 3:42,3/7/2026 17:42,OXV22N5,QGIC3,G-CORE-OPS,No impact confirmed,Network element unreachable briefly; connectivity restored.
Z_INM200193A001,Closed,G-IP-OPS,Network-Incident,Transport Congestion,1,RoboNOC ticket for OXVHJ97; detected event: transport congestion,3/5/2026 3:43,3/6/2026 4:43,OXVHJ97,AARMY,G-RAN-BO-VFRO-ZV,No impact confirmed,High load condition normalized after capacity rebalancing.
Z_INM200194A001,Closed,G-IP-OPS,Network-Incident,High CPU Usage,3,RoboNOC ticket for OXVUS42; detected event: high cpu usage,3/5/2026 3:44,3/7/2026 0:44,OXVUS42,3OGKA,G-RAN-BO-VFRO-ZV,Issue resolved,High load condition normalized after capacity rebalancing. No recurrence observed in the last monitoring window.
Z_INM200195A001,Open,G-RAN-FO-VFRO-ZV,Network-Incident,High CPU Usage,3,RoboNOC ticket for OXVKWYW; detected event: high cpu usage,3/5/2026 3:45,3/5/2026 23:45,OXVKWYW,Z1LAA,G-IP-OPS,Root cause fixed,False positive alarm generated by monitoring system. Ticket closed.
Z_INM200196A001,Closed,G-RAN-FO-VFRO-ZV,Network-Incident,Störung - RBS - Huawei 4G,5,RoboNOC ticket for OXVWRPK; detected event: störung - rbs - huawei 4g,3/5/2026 3:46,3/7/2026 8:46,OXVWRPK,7SGOH,G-RAN-BO-VFRO-ZV,Kein Fehler - Ticket zurückgezogen,Hardware module reset remotely. Traffic restored without errors. No recurrence observed in the last monitoring window.
Z_INM200197A001,Closed,G-RAN-FO-VFRO-ZV,Network-Incident,High CPU Usage,1,RoboNOC ticket for OXVWS3S; detected event: high cpu usage,3/5/2026 3:47,3/7/2026 3:47,OXVWS3S,N6LLM,G-RAN-FO-VFRO-ZV,Monitoring ongoing,Root cause identified as configuration mismatch. Parameters adjusted accordingly. No recurrence observed in the last monitoring window.
Z_INM200198A001,Open,G-RAN-FO-VFRO-ZV,Network-Incident,Transport Congestion,4,RoboNOC ticket for OXVSVFT; detected event: transport congestion,3/5/2026 3:48,3/6/2026 21:48,OXVSVFT,E48GV,G-RAN-FO-VFRO-ZV,Monitoring ongoing,High load condition normalized after capacity rebalancing. No recurrence observed in the last monitoring window.
Z_INM200199A001,Open,G-IP-OPS,Network-Incident,Transport Congestion,3,RoboNOC ticket for OXV747D; detected event: transport congestion,3/5/2026 3:49,3/8/2026 1:49,OXV747D,5D8FK,G-RAN-BO-VFRO-ZV,Root cause fixed,Issue correlated with planned maintenance. No action needed.
